,cluster,or_dist,meters,time,time_emptying,seconds,bins,waypoints
0,0,12220.5,12 Km 220.50 m.,0:22:14,0:32:14,1334.0000000000002,10.0,"[{""serial"": -1, ""coords"": [45.5069182, 9.2684501]}, {""serial"": ""119010873"", ""coords"": [45.51255820000001, 9.229107699999998]}, {""serial"": ""119010897"", ""coords"": [45.5124475, 9.227643400000002]}, {""serial"": ""119010894"", ""coords"": [45.51218520000001, 9.224354]}, {""serial"": ""119010889"", ""coords"": [45.510765, 9.229656199999999]}, {""serial"": ""119010866"", ""coords"": [45.5137446, 9.233987400000002]}, {""serial"": ""119010899"", ""coords"": [45.5079877, 9.2365153]}, {""serial"": ""119010870"", ""coords"": [45.507655299999996, 9.2366652]}, {""serial"": ""119010893"", ""coords"": [45.5055499, 9.2339256]}, {""serial"": ""119010891"", ""coords"": [45.505815399999996, 9.235096400000002]}, {""serial"": ""119010878"", ""coords"": [45.505207500000004, 9.2378344]}, {""serial"": -1, ""coords"": [45.5069182, 9.2684501]}]"
1,1,17726.5,17 Km 726.50 m.,0:36:57,0:46:57,2217.5,10.0,"[{""serial"": -1, ""coords"": [45.5069182, 9.2684501]}, {""serial"": ""119010258"", ""coords"": [45.484212447609465, 9.236221346508387]}, {""serial"": ""119010245"", ""coords"": [45.47946011139743, 9.235383953813084]}, {""serial"": ""119010282"", ""coords"": [45.473563372686385, 9.234392811922929]}, {""serial"": ""119010277"", ""coords"": [45.473435525074905, 9.230480336576989]}, {""serial"": ""119010141"", ""coords"": [45.47334970007097, 9.224067013136846]}, {""serial"": ""119010137"", ""coords"": [45.475586299999996, 9.2239964]}, {""serial"": ""119010133"", ""coords"": [45.475771325512106, 9.223805763673113]}, {""serial"": ""119010130"", ""coords"": [45.48071229999999, 9.225236500000001]}, {""serial"": ""119010877"", ""coords"": [45.5063343, 9.226065400000001]}, {""serial"": ""119010882"", ""coords"": [45.5041769, 9.227718300000001]}, {""serial"": -1, ""coords"": [45.5069182, 9.2684501]}]"
2,TOTAL,29947.0,29 Km 947.00 m.,0:59:11,1:19:11,3551.5,20.0,{}
3,AVAREGE,14973.5,14 Km 973.50 m.,0:29:35,0:39:35,1775.75,10.0,{}
